path,size_bytes,sha256
.env.example,3582,94ad0e77c769fbcba613924b0cec20bd96cac6a165da399e6718a4a9935836cb
.env.production.example,4251,3527d9bf509e5075fa8c37364da6b3d27b4461f8b5b6586fbca18013d41b3ead
.gitignore,712,e4f6e8456789cc32944ab59d252a73e0eb6cbbdea475b679051ed86420eff2fd
ARCHITECTURE.md,10851,1a4554f112d5208da9af404e6f10514d5401a0ab8fc072529076ce90eaae16ae
CHANGELOG.md,7859,629f83b102347352c649869cfc718402a34e4b2071c401e5edef73d0938ebcfd
DOCKER_VERIFICATION.md,5435,1a8cb4f4aa7d3d146712bee5a2bc20e7f206d0384ca6b4c822e6c38a4c3b042e
FRONTEND_VERIFICATION.md,7286,653aafd4af2ee09ccfdcb95cb808f1b8cdd1a8e9eb74de223d70e1c211723102
POSTGRES_E2E_VERIFICATION.md,8771,4ebb19749d5de501ad0e3a841f5a8c85bfda106dbf75ce17b1886a47514f301b
README.md,6226,e52cade9b85597b7dc52c25182579cd8846411ba4b5accc850970c41fbe9e208
SECURITY_REVIEW_PHASE2.md,12197,71812b2cf927bad8425dc1339a65fc76323809c33f278be4fed48817864d97c7
TEST_REPORT.md,9094,5b84abb79170647a8a7f07c0a40a65bb38be790f26974fd72fc093a22e9d65c0
backend/Dockerfile,538,28a7035665e3f033c58c8b85ac7e7ba7730e57d346db06a3ed7efe1e977d2a9f
backend/app/__init__.py,0,e3b0c44298fc1c149afbf4c8996fb92427ae41e4649b934ca495991b7852b855
backend/app/api/__init__.py,0,e3b0c44298fc1c149afbf4c8996fb92427ae41e4649b934ca495991b7852b855
backend/app/api/v1/__init__.py,0,e3b0c44298fc1c149afbf4c8996fb92427ae41e4649b934ca495991b7852b855
backend/app/api/v1/routers/__init__.py,0,e3b0c44298fc1c149afbf4c8996fb92427ae41e4649b934ca495991b7852b855
backend/app/api/v1/routers/auth.py,10300,43cf1f2434692d7b4539ce01867279bd83ee6093380acdbb94719d60b2ac7feb
backend/app/api/v1/routers/health.py,1385,9054c1d11b6ffb2d393dbde8817ffd35326ca4ca4b8fce891be62acddacf70a0
backend/app/config.py,3173,2d7d80e264718102a21f6259c2bbaae431dea58cfe70593c5c8a6900174a5177
backend/app/core/__init__.py,0,e3b0c44298fc1c149afbf4c8996fb92427ae41e4649b934ca495991b7852b855
backend/app/core/audit.py,1612,f68a0b3bbf7c58b461341b572bbc68b898ec08b07147a37d247a483393eddc7f
backend/app/core/ratelimit.py,1862,2fc3fb910e8e5de6cb348b3c58150f9ecd6d1e3a860f770ea31d9ebbe388aa6d
backend/app/core/rbac.py,4445,b5b60c33c37bae6b296cb4f8dba151f694a873a33ab53bd6f84414b7f90fff4d
backend/app/core/security.py,3964,c0c6ef3e65b8347881c8f32c493699818a817d236ddce1bf6d472cde6bee83f7
backend/app/core/tenant.py,939,635917a03c140563b0dfb008601cc2e2afca0dfc2e9888504c8cb7121fd09a1c
backend/app/database.py,1267,f4216831342d69136ad2057a3d1a04cdd110ff5da50503b50e67b9ef08c6a6d5
backend/app/main.py,3974,cc66f6a8dbb02e3495367d14064c516f76066d47f03cb1cb88071d287fb0912f
backend/app/models/__init__.py,174,9f91c8aba8283826de982fe8b8376722cebb796c58551e0b36a9c9dc1266bb90
backend/app/models/audit.py,1551,2954d248be80c347ce39046ed85c0261c5cee809210007978267cd7c93a0ff6e
backend/app/models/club.py,1072,8fa569be769fa0bb36f27bf22312a6374e0b6a4c3d95347a0d8d4fa74913a026
backend/app/models/user.py,2445,b075b57811e42d6dc31d423c60c44dab024dcfbf0cb9152a9e06546594336ebf
backend/app/schemas/__init__.py,0,e3b0c44298fc1c149afbf4c8996fb92427ae41e4649b934ca495991b7852b855
backend/app/schemas/auth.py,1909,33f8420be23f9cb29097e5cb26b39a5d457c4f6f468351156abdab76cc7d3c11
backend/migrations/alembic.ini,713,90819d0bb24c61e793efdaf488df6c968d69f4c43cf73c1c4af559caee7a5811
backend/migrations/env.py,2099,96d833baa10148e6dc7c33706a5bf498fc5866c3f1289e8b15bf221e4c18a3cc
backend/migrations/versions/.gitkeep,0,e3b0c44298fc1c149afbf4c8996fb92427ae41e4649b934ca495991b7852b855
backend/migrations/versions/0001_initial_schema.py,5716,c4668111c36e6caf1902a5bbc27a4f62528599795f048d42eff3b537e9828a7b
backend/requirements.txt,2315,7428065d02238e03cc6d6e9ee62776dd13028fd5cb3b54d79877c03c0c24e06e
backend/tests/__init__.py,0,e3b0c44298fc1c149afbf4c8996fb92427ae41e4649b934ca495991b7852b855
backend/tests/conftest.py,3676,7f92a62c3a75c846a422cdbd5806e2c13a0d7eb1abd999d1094dcc0d7b8235c5
backend/tests/test_auth.py,9396,a52785afa946c736d4315eb71647809fc01aa5be34302e0a24650d38a505da8c
backend/tests/test_rbac.py,3523,9eee5eb93763868e739e1edcad389d808c6fb9541d27bc9a75f7f894ec233ac9
backend/tests/test_tenant.py,2321,f66ff5913c8bc464c95a71c89d7a37a5300a1415fd5b104aff7705942cc1d9cc
coverage_html/.gitignore,27,8c2eb1fa82c314dc11791274cb7aa967245d1908442d6e788bc77f6e1aa5c2b8
coverage_html/class_index.html,31891,db1338ee46be84edf11e2d330417a9f9a587b36e7bc9f3c78a19ed775c240572
coverage_html/coverage_html_cb_dd2e7eb5.js,25450,7378f969dfb8c57a9fdeefda04fa62361a07627da64d8b0a99eadc5cfd975b73
coverage_html/favicon_32_cb_c827f16f.png,1732,bc8100fa8743c11bd243eb3259f4b012758651612fd9bf93bf8b734d17f02561
coverage_html/function_index.html,56275,9f305085be19cbf3baa066756da43fd868cff6cccde0089cd9e437f80c75d9cb
coverage_html/index.html,18876,ca05a2d057f9b67bc7e2739166d55b5bba46fa154e4f5bf8dfe0eca9e4b7998b
coverage_html/keybd_closed_cb_900cfef5.png,9004,7d9bf8ae66370e4349b4f423ac5279501384e4374da1fde675e099582ed33a8a
coverage_html/status.json,8657,98abc59e9a4821dacc0f554e9552c5c30665e34444ab1df7c5464c29486c74ae
coverage_html/style_cb_4667309f.css,16131,1b54edba892874f987fd65a5f0fc992bf4f5923ef6e53c687eb0ac0923dd932a
coverage_html/z_4f4b354e5ad4943e___init___py.html,4935,01d8f2fc791d859c467b60fac5726d4d8cce74cb33eb1f4ce220acf683f9d5f1
coverage_html/z_502a54b8fc151f75___init___py.html,4999,da35fbdf3dccabb0820b7929b3354066a9b3320470160f3e547054337c198b3d
coverage_html/z_502a54b8fc151f75_auth_py.html,86503,03bcb485c4e85b65cbbc7f8f3c2342a8f8108d80abdb8ff7bc451a4498f66a84
coverage_html/z_502a54b8fc151f75_health_py.html,19520,7e86b2c815f2368d4fba002f736f54587837e63861802856cfd88a2fe17a8166
coverage_html/z_5c9a0f66d2e6ce6b___init___py.html,4927,2d4c47c6c4cadc873854970adcf863fe5936b6e8c3cd0a144651a634306e900c
coverage_html/z_5c9a0f66d2e6ce6b_audit_py.html,20517,c2d29470ce34b8fc0bcfb7044119eb3e0277a200e818617a0d25a32760a1cc0a
coverage_html/z_5c9a0f66d2e6ce6b_ratelimit_py.html,22615,8c81312e32fc5d46b53a08e412c634c27893c40036f596750b2bf2466e9ca8be
coverage_html/z_5c9a0f66d2e6ce6b_rbac_py.html,41858,722271683d0e66a23668b1cff7fe8eeecebef28863e726d00cf0ea8634c533c5
coverage_html/z_5c9a0f66d2e6ce6b_security_py.html,37840,c36a611afc714793f2eb53b69c92773c73c70e5efa664f275317561c2a9d1948
coverage_html/z_5c9a0f66d2e6ce6b_tenant_py.html,12299,8d03e11579ad9be8c2bc7ccc532aca9df3ded417b4d8ab32300bfa3caeb74a28
coverage_html/z_b2dd7929562747ac___init___py.html,4852,5f9fece7cc5e0b2ebc787945f8eb652a6052b960d1341ac0877d3b0a9d7c833c
coverage_html/z_b2dd7929562747ac_config_py.html,21553,bdbf327d109b74079be651876ab2484c2b2f010f4c1bb8b498a78e8ada0b895a
coverage_html/z_b2dd7929562747ac_database_py.html,16458,6459228bce451787f1ff854b5f25d520ee5ce0859a49000fea8f0c4519a51ee1
coverage_html/z_b2dd7929562747ac_main_py.html,35649,47ecaf45d32c1538a8afc6e63eea14c614da5675042a0b6a415dd49b91faa8cd
coverage_html/z_b837b8f0a0374e21___init___py.html,6638,3cbe4687d3b402aaea31d9945d5dbbf77f6c172b4b3f37211311776bc6ceaf13
coverage_html/z_b837b8f0a0374e21_audit_py.html,18242,21d21c1f7f53eb1350b3bc609cf2c247675bd9ac87c2c01d954360ddcc3bb33f
coverage_html/z_b837b8f0a0374e21_club_py.html,15340,d44d4f23622a8f4f56fbde281a6e97c137de68a04960943c8a6941758c1c7879
coverage_html/z_b837b8f0a0374e21_user_py.html,27688,6abaded3eb1118f68b398c621f35c30343dd938ff919dcbd89d38aa6c8954ca9
coverage_html/z_d508299160a1b88b___init___py.html,4966,ad71524d461411b2dc45411ef8d3a874cce7538a4061054f4dbb1d99d7d44665
coverage_html/z_e1bf8d754985b0e9___init___py.html,4927,cedcc5152cb44b08eca53a2e544ed4aa28459d0fc79f5fb7e325c752f5c38a9d
coverage_html/z_e1bf8d754985b0e9_auth_py.html,24270,d80fa553614877f4dbfbd7b1756d8843756b1631065db181a8f7786617a497f6
docker-compose.prod.yml,3422,e4d30d359b80151fc8f026acfd408e3c361ca751034153b82c1fb1d321c00b88
docker-compose.yml,3413,3b0c4de81b217b5d08fe9fae384b7576608cc15fcc17ef003ff48ae4f2d68456
faz1/01_TEKNIK_DENETIM_RAPORU.md,3527,8b33b6d6319069210a256dcbb09b9d0ceb4e3f306414935056bb023daafde828
faz1/02_DOKUMAN_ENVANTERI.md,7030,882e8ad24210b03233c4be84e48c4f8052593277592c1c5acbdde67ddb7cf686
faz1/03_TEKRAR_CAKISMA_RAPORU.md,6223,f45a99cb1a4ffa552c0dd1da85f9100c575311eb6e1e2cf74ae99a5f60d3e68f
faz1/04_ANA_SUREC_LISTESI.md,3887,9cddb8d76b847578cb2ba6bb4160ad50c2031e27015072ab8d635d136090f494
faz1/05_PROSEDUR_LISTESI.md,6633,4bcca88e0af2ae84cce1dd0c9f6edf859ececcfa11fc2654fa8f06222ac9addf
faz1/06_VERI_MODELI.md,9711,cbae778ee151255538dd6de4919bfc7293fe4a57c3e98a1de931e9e75de1aa34
faz1/07_MVP_KAPSAMI.md,4318,a981e3159819cd98c14a7db3e068e86ead095269df849cb4e0fe49d81f888962
faz1/08_FAZ2_KAPSAMI.md,3656,0498104bc38000d0b32ed08d6356ad03918ed59f72afbb55dfb8496cabacc9cb
faz1/09_RISK_LISTESI.md,6606,8e02a9e89f07d69eb9e60b5d6bcfaa645e177cb56de40405a30b6541390688e0
faz1/10_GELISTIRME_YOL_HARITASI.md,8085,5d682e853150f4b35a4619743d4691b3b8d096a78f7348e264d9a0c1102e8e44
frontend/Dockerfile,1308,02a3226521193ba61c27ee56927931f699308dbde5c950873960a8d8cb213d8e
frontend/eslint.config.js,999,88144cbc895d5193ef55c19c8b818f57e200595878fbfd12cf3415b9953f81c4
frontend/index.html,414,8702d8824e69170cfd27a411716308d70c20b5591c264c50c95abc160243484a
frontend/package-lock.json,278109,9383dfca375878048129e1f6eba46fc82dc821cb1432180322da08884f825ed2
frontend/package.json,958,0b5e3d99e1b96a0dcf92232ea54de945a64a294a1a94ef847fb1f40d267b1844
frontend/src/App.tsx,1376,0a9e0e28e99e287caa9fb5c1fbed49e26f33f5a8bc3482be552d2ae63eac0409
frontend/src/api/client.ts,2706,0058087acfea48495de1f219fff5fb387a393105d9efe4355d3d93562f7f516f
frontend/src/hooks/useAuth.ts,2122,bef2f1906625eb39eed6e90f04e6298d5c0cc448e41982db52590a237862834d
frontend/src/main.tsx,210,6316ca0b2b868bab15149d593f5345d72102956826372fa6cd2ddeda88738a52
frontend/src/pages/Login.tsx,4002,0e2333c14b0c15fe4134e50ffa7299808582dba5d1694311491cf9ed133b9def
frontend/src/types/auth.ts,892,89fdfad8a581eaf3b5c4ce37d4ec3fcbce344842eea2c06064acfbd6e809e679
frontend/tsconfig.json,627,71c42a098631cd076e85fb201305bc7ca0e54e6c43a0cde581cee5d275b9fef6
frontend/tsconfig.node.json,213,9e2abb169ea87b7190613a1d4da57ca608463a453bd4231fa3aeee5e308370dd
frontend/vite.config.ts,1138,5ed1d4714c7784d476d519ea7ff8e5573923a3c0bd74f5f945f1e99642136bcc
infra/nginx/nginx.conf,3101,c596f07121bb37c2146ea7a352bf278adcb02097469eb3794a2f82de2e80c027
infra/postgres/init.sql,1433,3f34874b91e9ec38daed475ad9a88ead052f6c08acddd9e0436986c7df35e73d
postgres_e2e_verify.sh,4798,05369978aa8e73931e3a337c7bd48a3205e7e5e3b146e9a9ea1847714fdb3357
